epoch,train loss,reg loss
0,12.34705924987793,12.323044776916504
