epoch,train loss,reg loss
0,11.829965591430664,11.80664348602295
1,11.411944389343262,11.389480590820312
2,11.272812843322754,11.250656127929688
3,11.209712982177734,11.187704086303711
