epoch,train acc,test acc
0,35.15133333333333,51.88
1,39.81466666666667,54.26
2,40.772666666666666,53.13
3,40.538666666666664,55.65
4,41.132666666666665,54.77
5,40.87466666666667,56.06
6,42.00266666666667,54.72
7,41.17,55.27
8,41.611333333333334,57.41
