epoch,train acc,test acc
0,35.678666666666665,51.84
1,40.291333333333334,54.06
2,41.012,54.29
3,40.852666666666664,54.56
4,41.086666666666666,53.54
5,40.903333333333336,55.44
6,41.65266666666667,55.49
7,41.434,56.41
8,41.42,54.56
9,41.45333333333333,53.02
10,41.99666666666667,55.65
11,41.99066666666667,51.83
12,42.19466666666667,55.44
13,42.276666666666664,56.58
14,42.178666666666665,56.67
15,42.07066666666667,56.05
16,42.402,57.1
17,42.274,55.49
