epoch,train loss,reg loss
0,1565.6700439453125,6.809430122375488
